Belmullet,Valentia,DublinAirport,MalinHead,Mullingar,ShannonAirport,Year,Month,Total
160.2,214.8,40.0,127.2,109.4,115.6,1958,01,767.2
75.2,130.8,101.6,143.2,82.0,92.8,1958,02,625.5999999999999
86.4,133.5,23.4,45.6,34.1,52.0,1958,03,375.00000000000006
30.6,40.6,29.9,52.3,25.7,30.2,1958,04,209.29999999999995
118.0,123.1,103.9,69.0,86.6,97.6,1958,05,598.2
144.5,131.2,168.5,127.9,131.9,63.2,1958,06,767.2
41.7,108.2,109.5,88.0,132.9,89.3,1958,07,569.5999999999999
149.9,143.1,140.6,89.1,127.1,107.2,1958,08,757.0000000000001
118.6,198.9,128.8,66.8,104.4,91.9,1958,09,709.4
82.5,103.8,52.0,94.4,74.2,72.3,1958,10,479.20000000000005
78.0,107.2,45.4,69.4,48.5,55.1,1958,11,403.6
147.0,150.0,90.3,141.9,99.7,72.5,1958,12,701.4000000000001
72.1,120.1,47.4,72.0,60.0,76.0,1959,01,447.6
30.4,46.9,13.1,21.2,29.3,21.2,1959,02,162.1
88.1,168.9,39.7,70.9,66.7,63.7,1959,03,498.0
88.2,106.8,44.1,82.9,69.3,72.1,1959,04,463.4
37.1,65.1,73.6,27.7,20.4,58.0,1959,05,281.9
75.9,67.3,37.2,50.5,66.5,75.4,1959,06,372.79999999999995
72.4,50.0,45.2,92.5,66.4,61.2,1959,07,387.7
47.6,63.0,17.6,35.5,19.3,29.9,1959,08,212.9
46.2,60.9,24.3,36.4,55.6,44.7,1959,09,268.1
136.2,208.0,106.7,132.0,143.6,139.4,1959,10,865.9
167.4,196.4,89.6,132.2,97.2,87.7,1959,11,770.5
201.2,319.5,132.1,133.7,177.4,239.8,1959,12,1203.7
101.0,164.4,87.4,113.0,96.5,83.1,1960,01,645.4
91.6,135.2,35.2,102.9,53.2,47.2,1960,02,465.29999999999995
69.0,122.9,97.2,44.4,49.3,44.7,1960,03,427.5
66.8,102.8,27.2,54.1,72.6,70.6,1960,04,394.1
56.1,84.5,52.4,59.8,69.4,109.4,1960,05,431.6
89.5,68.6,51.1,79.4,92.1,80.2,1960,06,460.90000000000003
112.9,174.5,139.8,129.5,157.5,121.0,1960,07,835.2
84.3,60.0,86.3,103.4,95.6,82.9,1960,08,512.5
105.2,162.9,81.2,64.1,102.8,106.5,1960,09,622.6999999999999
64.3,109.4,161.3,67.4,103.1,72.6,1960,10,578.1
158.3,283.6,117.7,85.8,161.8,182.0,1960,11,989.2
150.1,221.6,95.4,148.3,102.9,175.1,1960,12,893.4000000000001
163.4,261.1,106.3,100.9,132.5,130.9,1961,01,895.0999999999999
86.5,124.2,50.8,113.3,75.8,97.1,1961,02,547.7
37.9,19.1,4.0,60.4,13.3,18.0,1961,03,152.70000000000002
91.9,147.8,90.4,124.5,109.8,95.9,1961,04,660.3
56.7,44.3,29.6,47.2,55.3,32.6,1961,05,265.70000000000005
64.5,59.4,42.4,49.9,56.9,42.2,1961,06,315.3
117.2,93.5,52.6,73.3,82.5,81.1,1961,07,500.20000000000005
96.0,47.0,47.3,131.2,74.1,76.5,1961,08,472.1
137.4,205.3,86.4,92.2,115.7,94.2,1961,09,731.2000000000002
194.8,173.6,58.8,101.8,73.5,84.8,1961,10,687.3
111.7,92.8,52.8,90.7,58.9,67.4,1961,11,474.29999999999995
103.6,107.7,57.1,98.0,66.1,83.7,1961,12,516.2
153.9,165.8,41.1,143.6,98.1,147.6,1962,01,750.1000000000001
48.1,36.6,26.7,66.2,63.7,37.7,1962,02,279.0
98.7,126.9,53.6,78.6,58.9,68.7,1962,03,485.40000000000003
68.9,75.1,40.8,65.6,58.7,57.5,1962,04,366.6
50.3,95.0,56.8,44.5,84.2,49.1,1962,05,379.90000000000003
56.2,69.3,24.9,59.1,40.6,46.1,1962,06,296.2
42.7,68.6,68.0,43.9,55.9,53.9,1962,07,333.0
105.6,125.1,73.1,135.8,106.2,131.9,1962,08,677.6999999999999
130.3,143.5,129.2,123.0,177.3,107.6,1962,09,810.9
59.3,71.4,16.8,38.9,38.8,47.5,1962,10,272.7
145.3,123.3,47.9,97.3,73.5,83.0,1962,11,570.3
98.2,131.7,75.3,95.4,112.3,90.6,1962,12,603.5
21.0,26.1,41.1,35.2,27.5,11.2,1963,01,162.1
30.8,122.4,61.9,34.4,33.2,34.7,1963,02,317.40000000000003
141.3,260.0,65.2,89.2,106.1,82.2,1963,03,744.0000000000001
72.5,99.2,47.0,59.8,64.0,59.4,1963,04,401.9
106.9,83.1,42.0,101.1,64.8,54.3,1963,05,452.20000000000005
51.2,54.5,54.3,54.2,56.4,46.0,1963,06,316.59999999999997
98.2,118.3,23.5,71.8,73.5,57.8,1963,07,443.1
98.6,116.7,103.1,58.8,90.5,91.5,1963,08,559.2
88.4,66.5,44.9,92.5,67.7,61.1,1963,09,421.1
116.4,160.6,47.6,148.9,111.0,116.1,1963,10,700.6
174.1,209.4,95.9,191.3,137.1,145.3,1963,11,953.1000000000001
58.9,79.2,16.4,41.0,22.9,29.8,1963,12,248.20000000000002
78.5,49.6,14.8,48.5,46.2,48.5,1964,01,286.1
29.8,126.8,28.3,22.7,46.3,20.4,1964,02,274.29999999999995
44.5,194.4,106.6,38.0,88.7,74.8,1964,03,547.0
59.5,103.4,62.3,64.9,60.9,62.1,1964,04,413.1
84.4,147.4,45.4,55.2,76.5,82.0,1964,05,490.9
71.9,112.2,51.0,101.1,76.7,106.0,1964,06,518.9000000000001
74.5,97.8,47.4,76.1,51.6,69.5,1964,07,416.90000000000003
86.0,108.6,81.3,100.4,101.5,99.4,1964,08,577.1999999999999
144.5,102.8,51.7,132.4,56.3,68.5,1964,09,556.2
120.3,148.1,62.3,115.3,122.2,96.4,1964,10,664.6
99.1,112.4,26.2,94.7,56.8,74.8,1964,11,464.0
146.8,182.4,111.8,147.9,162.6,148.7,1964,12,900.2
166.6,181.1,97.3,107.1,153.7,127.7,1965,01,833.5
17.9,2.3,4.7,15.9,10.1,4.7,1965,02,55.6
84.7,106.2,54.6,87.5,87.2,65.8,1965,03,486.0
84.7,89.8,45.4,73.6,77.8,95.8,1965,04,467.1
63.0,84.3,51.9,46.7,98.8,94.3,1965,05,439.00000000000006
106.8,134.0,72.9,105.3,85.6,99.2,1965,06,603.8000000000001
35.3,64.0,79.2,64.0,96.7,69.3,1965,07,408.5
108.3,98.8,55.4,110.0,81.6,87.2,1965,08,541.3000000000001
91.8,156.9,67.7,98.8,63.7,49.9,1965,09,528.8
94.4,63.6,41.4,112.6,66.2,26.9,1965,10,405.09999999999997
126.7,155.3,182.3,97.9,205.1,87.9,1965,11,855.2
136.0,222.8,97.1,113.8,140.5,159.4,1965,12,869.5999999999999
77.6,175.5,94.6,54.1,74.7,73.1,1966,01,549.6
114.5,240.9,114.5,104.5,114.4,93.7,1966,02,782.5
84.8,65.6,40.2,100.2,53.4,47.8,1966,03,391.99999999999994
96.6,149.5,151.8,56.6,117.0,116.5,1966,04,688.0
95.0,127.0,52.3,65.7,88.2,89.9,1966,05,518.1
90.8,91.5,119.5,88.9,102.6,133.3,1966,06,626.6000000000001
73.7,47.4,37.1,72.0,54.4,39.7,1966,07,324.29999999999995
70.7,83.4,56.5,55.1,58.4,96.1,1966,08,420.20000000000005
102.8,70.2,61.3,86.3,79.7,59.2,1966,09,459.5
76.7,185.9,132.9,77.9,125.4,78.1,1966,10,676.9
129.3,69.4,43.3,94.8,48.8,50.2,1966,11,435.8
199.2,101.0,115.1,173.4,134.4,100.0,1966,12,823.0999999999999
95.3,125.8,48.5,79.3,61.0,57.4,1967,01,467.3
107.0,146.9,83.8,82.2,94.4,119.1,1967,02,633.4
85.2,67.7,26.4,104.2,49.2,60.7,1967,03,393.4
53.2,38.0,33.9,43.6,39.0,29.6,1967,04,237.29999999999998
86.4,136.0,129.4,66.7,147.1,86.0,1967,05,651.6
49.1,28.6,11.4,50.7,28.6,35.4,1967,06,203.8
80.1,85.9,83.7,69.0,113.2,44.6,1967,07,476.5
114.3,145.2,64.3,110.9,84.7,68.9,1967,08,588.3000000000001
107.7,135.6,115.5,143.0,112.9,94.4,1967,09,709.1
188.7,196.5,94.4,223.6,157.1,167.9,1967,10,1028.2
93.9,137.9,45.7,143.2,67.7,71.5,1967,11,559.9
82.8,99.9,45.5,124.8,68.4,42.6,1967,12,464.0
127.3,137.3,96.1,160.5,135.6,113.6,1968,01,770.4000000000001
62.4,78.3,15.9,62.4,17.4,24.5,1968,02,260.9
106.0,80.1,41.5,104.9,71.6,73.7,1968,03,477.8
51.0,131.1,58.6,57.7,69.5,39.2,1968,04,407.09999999999997
54.5,65.9,51.8,73.1,57.0,43.0,1968,05,345.29999999999995
61.2,78.8,51.4,59.9,73.4,49.6,1968,06,374.30000000000007
38.7,32.1,15.9,25.0,22.2,32.7,1968,07,166.60000000000002
68.3,106.1,106.6,47.2,88.5,76.2,1968,08,492.9
109.3,180.0,103.5,97.3,119.0,141.7,1968,09,750.8
151.5,137.5,59.8,149.3,91.5,93.2,1968,10,682.8000000000001
109.8,226.7,78.8,65.4,112.1,90.0,1968,11,682.8000000000001
107.0,207.3,109.1,72.2,117.2,163.9,1968,12,776.6999999999999
129.0,230.3,105.4,139.3,133.3,141.8,1969,01,879.0999999999999
85.4,51.0,41.8,106.3,48.1,43.9,1969,02,376.5
42.4,30.9,46.9,45.1,33.8,44.4,1969,03,243.49999999999997
51.5,66.4,62.3,50.2,75.0,61.5,1969,04,366.9
40.6,61.8,111.2,52.0,90.4,61.5,1969,05,417.5
77.7,87.1,46.4,62.3,58.0,75.4,1969,06,406.9
33.9,78.9,43.8,47.7,45.8,31.1,1969,07,281.20000000000005
61.2,98.1,34.1,66.3,32.6,30.6,1969,08,322.90000000000003
58.3,58.4,44.9,76.9,29.2,49.6,1969,09,317.3
116.0,74.2,11.1,91.1,34.6,52.5,1969,10,379.5
166.3,148.2,90.0,195.5,75.4,115.4,1969,11,790.8
130.1,146.3,63.5,118.8,91.5,116.5,1969,12,666.7
80.8,194.6,62.5,59.8,83.0,47.0,1970,01,527.7
157.7,155.0,60.4,143.7,105.1,136.6,1970,02,758.5
76.9,58.0,32.5,76.1,47.0,45.9,1970,03,336.4
75.6,133.5,85.3,81.2,87.3,93.2,1970,04,556.1
31.5,54.8,13.2,50.5,30.8,35.4,1970,05,216.20000000000002
74.2,107.6,31.6,54.2,67.7,46.2,1970,06,381.5
71.1,87.7,68.2,105.7,71.6,98.8,1970,07,503.09999999999997
58.6,51.7,68.3,83.3,72.9,52.6,1970,08,387.4000000000001
196.7,163.6,53.8,106.4,101.4,94.2,1970,09,716.1
142.8,77.0,59.2,163.6,106.6,75.3,1970,10,624.5
140.8,207.9,128.0,147.2,134.2,170.2,1970,11,928.3000000000002
77.4,96.2,50.6,58.5,45.6,46.4,1970,12,374.70000000000005
117.7,181.3,39.4,81.6,61.4,67.7,1971,01,549.1
81.9,64.2,39.7,94.9,50.8,65.0,1971,02,396.50000000000006
47.1,61.0,78.8,65.1,42.4,63.6,1971,03,358.0
28.7,54.1,52.4,76.2,41.7,29.7,1971,04,282.79999999999995
43.1,61.5,34.0,95.0,43.1,24.3,1971,05,301.0
92.4,76.4,71.8,88.6,82.4,68.2,1971,06,479.8
41.7,44.5,62.8,46.1,24.3,39.1,1971,07,258.5
116.7,82.2,66.9,131.1,79.2,70.4,1971,08,546.5
62.8,44.1,27.0,24.1,43.3,57.3,1971,09,258.6
95.3,152.1,34.4,90.7,46.8,97.0,1971,10,516.3
149.1,112.2,48.0,143.5,83.3,88.2,1971,11,624.3000000000001
47.3,57.8,36.4,53.0,48.4,38.6,1971,12,281.5
66.9,202.1,110.6,113.7,102.9,103.8,1972,01,700.0
75.0,164.0,59.7,38.7,64.6,59.4,1972,02,461.4
86.7,106.8,50.1,97.2,67.7,85.5,1972,03,494.0
98.5,91.3,49.2,104.3,93.8,72.5,1972,04,509.6
96.6,137.4,66.7,86.3,112.0,84.6,1972,05,583.6
58.6,85.6,58.6,88.6,66.4,65.8,1972,06,423.59999999999997
50.8,84.9,41.1,44.8,66.1,57.4,1972,07,345.0999999999999
52.4,80.6,24.0,85.7,36.8,57.7,1972,08,337.2
38.1,29.7,7.5,25.2,8.6,13.2,1972,09,122.3
65.8,124.0,40.8,47.1,53.2,43.8,1972,10,374.70000000000005
109.7,175.5,78.2,140.1,109.5,145.3,1972,11,758.3
159.2,218.7,82.6,91.8,88.4,105.8,1972,12,746.4999999999999
123.0,151.2,52.2,99.8,66.6,70.7,1973,01,563.5
100.5,133.8,32.5,82.6,43.7,92.8,1973,02,485.9
57.9,63.9,11.1,41.0,29.0,30.5,1973,03,233.4
46.5,39.3,48.1,64.2,48.8,40.8,1973,04,287.70000000000005
85.7,93.6,70.9,75.2,80.9,104.3,1973,05,510.6000000000001
54.2,47.7,20.2,42.3,23.0,17.3,1973,06,204.70000000000002
58.7,77.2,72.8,88.5,86.4,65.6,1973,07,449.20000000000005
119.6,115.3,108.9,101.0,98.5,110.5,1973,08,653.8
97.2,147.8,76.2,121.6,103.2,116.2,1973,09,662.2
68.4,60.6,59.2,66.0,51.3,50.8,1973,10,356.3
147.8,162.8,60.8,123.2,98.6,143.8,1973,11,737.0
130.2,143.1,72.7,135.4,67.9,98.5,1973,12,647.8
205.4,318.6,81.4,130.9,135.1,168.2,1974,01,1039.6
112.9,177.7,50.9,77.3,61.9,102.4,1974,02,583.1
58.3,76.3,31.7,50.1,29.5,40.7,1974,03,286.59999999999997
19.5,59.8,43.4,9.9,39.7,21.4,1974,04,193.70000000000002
56.8,152.4,87.6,56.0,72.0,52.0,1974,05,476.79999999999995
70.1,38.3,39.5,42.8,39.8,37.1,1974,06,267.6
84.0,97.6,99.7,87.9,114.0,82.1,1974,07,565.3000000000001
112.2,168.7,30.2,82.2,80.5,139.0,1974,08,612.8
172.6,225.7,116.0,123.3,129.6,170.1,1974,09,937.3
82.4,75.7,26.6,63.0,53.9,53.7,1974,10,355.3
127.8,109.5,57.7,130.0,94.3,97.3,1974,11,616.5999999999999
118.4,93.3,37.9,132.8,85.9,88.5,1974,12,556.8
210.7,209.9,82.6,155.4,154.2,125.5,1975,01,938.3
28.7,80.4,26.2,17.3,31.7,41.7,1975,02,226.0
42.7,74.4,43.3,60.0,29.8,43.9,1975,03,294.1
60.9,97.2,42.8,62.5,53.2,58.0,1975,04,374.59999999999997
14.9,29.4,43.4,15.7,32.0,28.6,1975,05,163.99999999999997
29.4,18.0,14.9,29.3,18.9,15.7,1975,06,126.2
87.8,80.9,27.8,85.1,55.2,75.7,1975,07,412.5
70.4,34.7,35.9,58.3,34.4,37.6,1975,08,271.3
139.8,160.2,124.3,122.0,122.9,145.0,1975,09,814.1999999999999
104.8,213.9,55.1,91.8,81.6,81.7,1975,10,628.9000000000001
95.8,126.9,54.3,101.2,73.9,83.9,1975,11,536.0
62.0,74.2,33.1,65.3,50.5,73.5,1975,12,358.59999999999997
133.2,96.3,66.1,144.6,89.6,126.0,1976,01,655.8000000000001
51.8,81.7,29.3,48.7,52.9,57.9,1976,02,322.29999999999995
114.0,189.6,65.8,65.7,71.4,59.0,1976,03,565.5
30.2,34.4,17.7,21.3,27.5,21.4,1976,04,152.5
116.3,125.6,47.7,114.6,122.0,65.3,1976,05,591.4999999999999
59.2,111.5,22.5,54.2,35.6,34.4,1976,06,317.4
59.6,73.7,82.8,93.0,47.9,59.5,1976,07,416.5
12.0,16.4,6.6,19.4,7.7,13.5,1976,08,75.6
63.8,171.3,144.3,67.0,107.3,93.1,1976,09,646.8000000000001
102.6,187.6,156.7,136.5,139.2,136.3,1976,10,858.8999999999999
136.2,169.6,39.1,123.9,65.5,85.8,1976,11,620.0999999999999
116.3,189.3,48.0,93.3,52.7,111.6,1976,12,611.2
109.6,173.1,57.8,68.2,75.4,50.5,1977,01,534.6
82.9,191.6,124.4,151.1,137.3,102.6,1977,02,789.9
135.1,206.8,57.3,64.4,94.1,67.9,1977,03,625.6
68.0,74.7,43.4,88.9,93.2,75.2,1977,04,443.4
20.4,37.6,22.5,30.9,18.1,22.1,1977,05,151.6
44.2,55.3,65.5,43.5,83.9,44.3,1977,06,336.7
63.7,58.8,26.1,79.1,41.2,71.4,1977,07,340.29999999999995
140.4,50.0,68.1,57.1,76.0,93.1,1977,08,484.70000000000005
64.4,81.7,29.2,120.6,60.9,70.4,1977,09,427.19999999999993
180.0,313.1,76.5,99.5,91.9,88.3,1977,10,849.3
125.0,146.3,53.8,161.0,107.9,145.7,1977,11,739.7
70.1,152.8,65.1,63.2,76.2,71.4,1977,12,498.79999999999995
115.0,165.2,59.4,162.6,96.2,89.5,1978,01,687.9
68.8,129.8,50.3,58.0,71.6,68.9,1978,02,447.4
153.8,201.9,63.0,133.3,116.0,120.2,1978,03,788.2
25.4,66.1,29.6,25.4,37.8,80.0,1978,04,264.3
38.5,23.7,27.3,30.9,11.8,16.7,1978,05,148.9
67.4,88.8,37.1,55.7,57.9,46.3,1978,06,353.2
60.5,97.5,50.5,39.5,79.2,82.1,1978,07,409.29999999999995
80.0,179.5,116.7,76.1,60.0,94.6,1978,08,606.9
122.2,42.2,38.4,168.2,87.8,45.6,1978,09,504.40000000000003
70.1,59.6,31.8,70.2,41.9,46.6,1978,10,320.2
164.5,165.3,64.1,149.6,98.4,90.6,1978,11,732.5
146.3,290.1,217.0,124.7,158.6,114.7,1978,12,1051.4
120.7,128.3,42.3,143.0,57.0,75.3,1979,01,566.6
42.9,149.1,83.4,24.2,44.8,64.7,1979,02,409.09999999999997
121.6,120.5,63.7,96.6,85.9,94.2,1979,03,582.5
63.6,49.0,53.1,53.3,62.0,81.9,1979,04,362.9
123.4,127.9,82.2,82.8,108.8,112.8,1979,05,637.9
49.0,77.3,44.0,68.5,31.9,65.9,1979,06,336.6
53.0,38.7,47.0,68.0,44.9,21.8,1979,07,273.4
118.2,155.4,96.5,84.6,114.6,117.6,1979,08,686.9000000000001
84.6,99.0,41.5,83.2,66.6,70.1,1979,09,445.0
146.3,176.4,119.0,111.7,105.7,94.7,1979,10,753.8000000000002
158.8,181.8,51.4,202.9,109.9,155.5,1979,11,860.3
131.2,270.5,112.4,120.6,143.6,159.5,1979,12,937.8000000000001
91.7,134.5,115.2,75.3,72.4,73.3,1980,01,562.4
86.3,202.4,68.5,80.6,93.0,82.6,1980,02,613.4
90.9,147.2,73.7,88.8,85.6,76.4,1980,03,562.6
12.6,24.1,8.2,22.0,28.4,25.4,1980,04,120.70000000000002
28.4,51.1,41.0,19.9,31.7,28.0,1980,05,200.1
78.6,85.1,79.0,74.3,104.3,75.0,1980,06,496.3
103.4,160.8,39.4,110.2,56.9,100.4,1980,07,571.1
39.3,146.2,97.8,97.9,99.1,114.1,1980,08,594.4000000000001
160.1,223.0,97.5,154.4,119.7,122.5,1980,09,877.2
139.5,181.8,113.7,151.9,124.9,127.8,1980,10,839.5999999999999
161.1,272.4,41.4,95.1,84.5,103.5,1980,11,758.0
165.5,147.1,49.7,113.5,107.1,116.5,1980,12,699.4
79.6,59.2,32.8,150.5,65.8,67.2,1981,01,455.1
69.6,158.0,48.4,73.5,61.8,77.3,1981,02,488.6
163.5,215.2,101.6,102.0,105.5,106.7,1981,03,794.5
43.0,30.5,49.0,36.8,32.5,15.6,1981,04,207.4
114.0,152.6,92.3,115.5,136.2,141.4,1981,05,752.0
69.4,89.3,77.1,77.6,109.6,60.8,1981,06,483.8
72.0,63.3,35.5,86.4,55.4,34.8,1981,07,347.40000000000003
55.6,53.2,11.6,71.5,30.0,27.2,1981,08,249.1
179.9,242.6,102.8,129.2,132.3,126.3,1981,09,913.0999999999999
160.5,121.2,109.3,153.3,75.1,83.9,1981,10,703.3
113.5,72.2,48.8,112.2,76.5,68.9,1981,11,492.1
86.7,148.6,133.0,74.7,66.3,66.4,1981,12,575.7
78.9,187.5,50.2,99.9,85.6,76.2,1982,01,578.3000000000001
111.0,232.9,23.9,63.1,81.7,85.4,1982,02,598.0
135.5,164.8,45.4,126.6,108.3,118.2,1982,03,698.8
26.3,33.8,19.5,22.9,27.9,16.1,1982,04,146.5
74.9,94.6,59.6,81.9,71.1,72.5,1982,05,454.6
71.4,92.2,102.2,102.3,108.9,131.2,1982,06,608.2
24.8,22.3,9.2,16.5,24.3,22.3,1982,07,119.39999999999999
98.4,136.4,65.6,169.6,83.9,89.6,1982,08,643.5
94.9,146.2,84.0,111.8,80.2,74.8,1982,09,591.9
160.8,279.0,88.2,92.5,112.7,129.5,1982,10,862.7
138.5,194.9,128.9,139.1,138.7,133.2,1982,11,873.3
155.9,199.0,70.3,134.7,111.7,144.9,1982,12,816.5
137.2,192.2,63.8,149.8,146.9,134.2,1983,01,824.0999999999999
46.0,37.9,44.8,41.7,47.5,72.0,1983,02,289.9
87.5,124.8,61.0,106.2,98.4,72.0,1983,03,549.9
55.9,101.5,67.1,49.7,75.9,56.1,1983,04,406.20000000000005
87.8,118.9,79.1,52.9,113.8,88.7,1983,05,541.1999999999999
32.4,88.5,54.6,45.9,44.8,47.4,1983,06,313.59999999999997
38.5,20.3,18.1,24.3,14.8,12.6,1983,07,128.6
44.3,74.7,45.4,39.1,61.6,46.3,1983,08,311.40000000000003
109.5,204.8,76.6,69.2,116.3,106.1,1983,09,682.5
157.7,143.7,47.3,186.2,121.2,145.7,1983,10,801.8
42.5,90.7,21.3,28.1,41.3,44.6,1983,11,268.5
150.4,234.7,123.2,130.4,119.4,129.8,1983,12,887.9000000000001
195.7,247.7,99.0,183.8,125.6,193.8,1984,01,1045.6000000000001
87.6,104.5,60.3,108.8,67.0,94.6,1984,02,522.8
47.5,51.2,53.2,42.4,73.0,34.5,1984,03,301.8
30.5,90.3,32.6,36.6,41.3,46.0,1984,04,277.3
39.4,41.3,34.4,28.1,16.7,27.5,1984,05,187.39999999999998
72.4,42.7,38.1,59.5,52.0,33.4,1984,06,298.1
49.3,79.3,30.8,44.9,42.6,35.2,1984,07,282.1
51.9,115.1,95.0,64.5,116.8,65.0,1984,08,508.3
92.9,104.6,76.7,117.7,107.7,82.3,1984,09,581.9
200.4,206.4,56.2,119.4,103.2,96.2,1984,10,781.8000000000001
245.1,240.7,97.2,113.1,119.1,105.7,1984,11,920.9000000000001
129.4,186.6,87.7,101.5,126.8,89.9,1984,12,721.9
84.2,110.5,66.5,106.2,56.1,34.1,1985,01,457.6
28.8,110.7,52.0,33.6,43.8,33.6,1985,02,302.5
104.9,196.0,72.5,100.7,70.2,91.1,1985,03,635.4
82.0,70.8,40.2,77.9,55.8,56.3,1985,04,383.0
118.8,131.6,70.1,56.4,110.8,71.4,1985,05,559.1
56.4,112.6,78.5,53.7,65.7,74.6,1985,06,441.5
80.4,66.5,107.2,152.3,105.1,94.8,1985,07,606.3
224.8,272.9,124.6,180.8,180.0,181.4,1985,08,1164.5
205.5,117.7,38.2,218.9,107.1,69.1,1985,09,756.5
70.1,94.6,19.7,30.4,66.9,53.3,1985,10,335.0
87.7,168.3,33.5,74.8,55.9,46.9,1985,11,467.09999999999997
152.2,164.5,72.4,90.1,106.3,90.7,1985,12,676.2
124.7,161.4,103.4,182.7,106.8,137.9,1986,01,816.9
4.2,20.1,10.2,9.9,9.3,0.8,1986,02,54.5
163.1,182.1,64.7,123.5,99.5,128.8,1986,03,761.7
96.0,77.3,48.2,69.6,75.8,56.4,1986,04,423.3
150.9,182.4,62.5,98.9,115.5,106.4,1986,05,716.6
95.6,56.6,82.1,42.1,98.7,91.5,1986,06,466.59999999999997
93.5,98.5,57.5,76.2,71.6,40.8,1986,07,438.09999999999997
114.7,205.9,158.7,83.9,162.7,113.7,1986,08,839.6000000000001
24.8,13.4,3.6,29.3,3.6,10.0,1986,09,84.7
169.3,127.3,57.0,89.2,101.6,96.4,1986,10,640.8
180.3,196.7,102.2,137.8,112.2,109.0,1986,11,838.2
226.7,247.9,71.8,218.9,124.3,155.9,1986,12,1045.5
57.8,78.3,36.6,38.1,33.6,39.0,1987,01,283.4
70.1,141.8,34.5,73.6,48.2,52.6,1987,02,420.8
117.1,127.5,56.6,100.2,93.5,69.6,1987,03,564.5
50.6,49.5,71.8,40.1,48.2,53.7,1987,04,313.9
41.8,10.3,21.7,45.6,28.8,20.9,1987,05,169.10000000000002
81.5,121.3,112.5,74.8,130.2,109.2,1987,06,629.5
97.6,58.5,32.6,121.6,41.6,41.7,1987,07,393.59999999999997
101.2,65.7,87.4,82.1,73.4,37.7,1987,08,447.49999999999994
126.7,199.7,75.3,93.0,107.6,102.6,1987,09,704.9
140.2,205.5,124.1,166.4,118.8,104.2,1987,10,859.1999999999999
91.5,94.2,47.8,68.4,72.8,69.6,1987,11,444.29999999999995
106.6,191.4,39.5,49.2,56.1,56.6,1987,12,499.40000000000003
220.5,269.9,118.3,180.1,138.7,173.1,1988,01,1100.6
126.6,96.9,34.3,122.5,78.3,97.1,1988,02,555.7
116.3,103.1,85.4,122.8,125.4,110.5,1988,03,663.5
45.4,52.5,24.9,29.8,20.7,32.5,1988,04,205.8
66.6,147.0,72.5,32.3,88.8,62.4,1988,05,469.6
34.0,51.8,38.1,38.2,43.7,45.0,1988,06,250.8
140.2,142.5,80.3,147.3,131.9,133.1,1988,07,775.3000000000001
146.9,187.5,54.5,121.4,83.0,111.2,1988,08,704.5
119.3,58.4,41.1,125.6,79.7,80.9,1988,09,505.0
126.5,266.4,79.1,112.9,93.8,115.1,1988,10,793.8
75.4,86.1,23.5,53.8,37.5,47.3,1988,11,323.6
65.2,106.2,40.5,81.9,73.3,70.9,1988,12,438.0
142.6,185.4,27.5,78.2,63.7,84.2,1989,01,581.6
152.4,128.6,42.6,136.2,100.6,94.3,1989,02,654.6999999999999
134.2,195.2,54.7,135.4,104.9,126.6,1989,03,751.0
62.7,95.0,79.3,114.9,65.6,58.1,1989,04,475.6
33.2,20.7,13.1,27.3,20.7,23.8,1989,05,138.8
85.8,83.2,67.8,49.2,43.1,56.8,1989,06,385.90000000000003
24.7,24.9,9.6,57.8,24.0,16.8,1989,07,157.8
167.2,123.0,81.9,137.1,90.3,69.1,1989,08,668.6
60.9,91.2,25.1,44.4,53.6,51.5,1989,09,326.7
259.5,204.4,62.1,188.5,137.1,129.5,1989,10,981.1
88.3,77.9,35.6,63.5,35.3,53.2,1989,11,353.79999999999995
91.2,144.2,55.9,46.1,73.6,77.7,1989,12,488.7
214.9,196.2,68.3,158.7,113.5,125.8,1990,01,877.4
236.0,201.1,108.8,200.2,191.4,204.5,1990,02,1142.0
94.5,50.8,10.3,71.8,30.7,32.6,1990,03,290.70000000000005
90.5,61.2,24.2,68.8,43.2,55.5,1990,04,343.4
19.6,49.7,39.5,26.2,43.9,22.2,1990,05,201.1
113.9,128.7,71.3,115.7,99.2,72.6,1990,06,601.4
77.5,63.5,48.0,55.5,59.1,46.4,1990,07,350.0
77.9,80.2,49.8,95.2,75.1,67.7,1990,08,445.90000000000003
54.2,28.3,16.4,66.9,15.2,25.8,1990,09,206.8
225.8,210.1,149.2,250.4,172.9,157.8,1990,10,1166.1999999999998
96.1,122.6,64.0,69.3,61.3,66.4,1990,11,479.70000000000005
145.8,141.6,78.7,132.1,116.6,144.4,1990,12,759.1999999999999
121.3,145.9,71.4,110.9,84.3,85.3,1991,01,619.0999999999999
86.3,152.6,59.0,48.3,92.4,92.3,1991,02,530.9
87.9,143.2,91.1,67.1,92.5,72.0,1991,03,553.8
140.3,167.7,92.3,111.2,126.0,97.4,1991,04,734.9
19.6,7.6,3.6,18.4,4.5,10.1,1991,05,63.800000000000004
84.8,107.0,79.8,114.4,78.9,86.4,1991,06,551.3
84.2,102.9,26.4,85.2,43.7,56.6,1991,07,399.00000000000006
42.3,30.8,36.9,65.4,35.1,60.3,1991,08,270.8
91.4,139.7,42.8,74.9,51.0,61.0,1991,09,460.79999999999995
124.8,174.4,85.6,101.9,101.4,84.8,1991,10,672.8999999999999
180.0,186.5,50.3,158.5,100.9,113.8,1991,11,789.9999999999999
88.1,20.9,38.1,117.6,70.6,59.1,1991,12,394.4
85.3,113.5,32.9,108.7,75.9,66.3,1992,01,482.6000000000001
128.2,109.8,24.1,89.7,60.9,54.3,1992,02,467.0
128.0,134.5,64.9,152.0,90.8,105.6,1992,03,675.8
96.4,174.0,70.3,100.3,94.0,76.6,1992,04,611.6
42.4,69.2,39.5,44.5,58.7,35.2,1992,05,289.5
38.2,41.9,38.4,53.5,19.7,28.5,1992,06,220.2
117.7,139.0,69.0,81.8,97.2,69.6,1992,07,574.3
234.8,185.5,85.2,173.4,116.0,154.9,1992,08,949.8
142.7,120.9,64.2,85.6,82.7,75.8,1992,09,571.9
140.7,84.3,30.7,108.9,43.6,61.7,1992,10,469.90000000000003
176.8,134.9,63.2,167.7,114.6,98.9,1992,11,756.1
116.0,113.6,41.5,113.4,65.1,88.4,1992,12,538.0
228.4,171.9,57.9,162.3,111.2,88.1,1993,01,819.8000000000001
31.5,51.1,19.5,33.5,16.7,16.5,1993,02,168.79999999999998
83.0,118.8,26.2,63.5,47.2,49.5,1993,03,388.2
97.6,88.0,48.7,124.5,107.9,84.4,1993,04,551.1
99.0,100.2,149.9,52.7,97.8,92.8,1993,05,592.4
74.4,73.0,148.1,69.3,136.1,71.0,1993,06,571.9
61.7,134.5,60.1,99.3,77.3,68.2,1993,07,501.1
57.1,43.9,36.8,55.7,43.0,53.1,1993,08,289.6
71.2,203.9,90.3,82.5,86.4,113.4,1993,09,647.7
56.8,74.0,86.2,36.6,78.2,43.5,1993,10,375.3
91.9,182.6,45.4,61.7,50.2,60.1,1993,11,491.9
236.3,227.5,105.7,229.7,165.1,217.6,1993,12,1181.9
171.4,218.0,83.3,145.1,113.5,164.8,1994,01,896.0999999999999
114.9,170.3,99.1,119.2,101.5,111.6,1994,02,716.6
157.6,145.5,72.1,152.3,109.0,133.5,1994,03,770.0
107.3,143.9,60.3,83.9,95.2,112.6,1994,04,603.1999999999999
66.9,93.2,51.5,18.8,41.3,77.3,1994,05,349.00000000000006
72.2,104.5,20.9,98.3,64.9,65.4,1994,06,426.19999999999993
66.8,212.9,64.7,67.6,87.4,73.0,1994,07,572.4
104.0,81.9,57.8,76.5,78.2,76.4,1994,08,474.79999999999995
95.3,99.8,97.0,103.7,60.8,62.1,1994,09,518.7
63.6,115.1,41.2,63.8,41.5,65.9,1994,10,391.1
99.2,169.1,54.8,99.5,79.8,70.6,1994,11,573.0
196.2,250.2,88.9,159.9,143.7,181.1,1994,12,1019.9999999999999
191.9,226.0,105.5,185.2,148.2,191.0,1995,01,1047.8
156.8,210.6,92.0,158.3,118.9,160.9,1995,02,897.5
124.4,114.5,44.7,144.2,63.6,104.1,1995,03,595.5
48.5,51.1,27.3,42.8,28.6,26.8,1995,04,225.1
53.6,112.7,49.2,74.1,44.9,67.4,1995,05,401.9
29.1,58.0,11.6,32.5,21.2,23.2,1995,06,175.59999999999997
93.3,149.3,70.2,57.9,76.8,128.6,1995,07,576.1
17.7,24.7,7.2,13.3,6.9,4.2,1995,08,74.00000000000001
78.0,58.0,43.6,111.4,68.4,44.7,1995,09,404.09999999999997
249.0,229.0,38.0,187.9,154.2,107.2,1995,10,965.3
102.7,220.8,147.2,86.9,110.1,101.7,1995,11,769.4000000000001
58.9,85.6,71.2,80.9,53.6,73.0,1995,12,423.20000000000005
100.6,214.2,85.9,42.1,79.2,69.2,1996,01,591.2
122.6,135.8,62.0,74.4,83.9,117.4,1996,02,596.0999999999999
56.8,126.8,69.9,18.9,70.1,91.6,1996,03,434.1
81.3,117.9,60.8,78.0,90.3,58.0,1996,04,486.3
69.2,81.7,66.7,75.6,61.5,46.9,1996,05,401.6
52.5,92.0,20.7,53.6,25.7,22.2,1996,06,266.7
69.1,90.8,37.2,66.2,47.8,59.2,1996,07,370.29999999999995
101.5,133.2,102.1,131.5,100.1,84.5,1996,08,652.9
52.5,62.1,19.2,48.0,33.4,34.4,1996,09,249.6
178.8,278.7,101.7,153.4,149.7,144.9,1996,10,1007.1999999999999
164.3,154.3,103.6,127.4,82.5,121.7,1996,11,753.8000000000001
83.5,80.2,54.1,55.8,44.8,28.7,1996,12,347.09999999999997
44.2,68.8,15.5,22.2,27.7,37.0,1997,01,215.39999999999998
186.6,170.8,60.1,145.5,143.3,111.7,1997,02,818.0
65.1,37.6,15.1,85.0,34.0,19.1,1997,03,255.89999999999998
31.7,37.6,48.3,49.6,51.1,43.4,1997,04,261.7
91.2,80.1,61.3,89.1,106.1,60.1,1997,05,487.9000000000001
97.8,103.5,125.2,53.0,96.7,121.7,1997,06,597.9
107.9,82.9,53.5,78.5,67.7,70.6,1997,07,461.1
94.9,193.8,80.9,74.9,99.8,229.5,1997,08,773.8
106.5,78.2,19.1,84.9,49.9,44.8,1997,09,383.4
119.4,111.7,67.6,71.9,100.6,108.5,1997,10,579.7
128.3,268.2,86.8,75.2,72.6,72.6,1997,11,703.7
196.2,173.0,90.4,170.3,90.2,108.4,1997,12,828.5000000000001
164.5,199.9,79.5,119.8,104.4,130.0,1998,01,798.0999999999999
112.5,51.7,14.1,98.8,32.2,35.3,1998,02,344.59999999999997
84.2,133.9,65.7,76.9,84.4,96.4,1998,03,541.5
82.0,172.7,115.0,52.0,109.9,100.8,1998,04,632.4
37.2,34.6,29.0,45.3,29.6,34.7,1998,05,210.40000000000003
110.6,179.8,111.0,92.7,139.5,123.5,1998,06,757.0999999999999
99.3,116.1,54.0,137.2,93.6,64.5,1998,07,564.6999999999999
127.0,118.7,45.0,161.3,65.9,78.6,1998,08,596.5
45.9,139.5,95.7,53.7,101.7,93.0,1998,09,529.5
161.1,208.3,75.3,173.0,135.8,147.1,1998,10,900.6
161.1,193.1,76.1,142.9,92.5,124.0,1998,11,789.6999999999999
147.8,220.9,70.3,133.9,88.7,118.8,1998,12,780.4000000000001
157.9,194.9,71.8,145.7,119.0,122.6,1999,01,811.9
92.8,86.4,36.5,120.7,59.8,78.0,1999,02,474.2
87.0,146.1,31.8,58.1,58.8,53.1,1999,03,434.90000000000003
101.1,151.2,74.9,76.4,85.7,66.9,1999,04,556.2
49.8,53.0,39.1,55.0,55.8,84.4,1999,05,337.1
74.1,52.8,56.5,97.9,65.0,56.3,1999,06,402.59999999999997
62.1,84.1,35.2,74.6,43.4,49.7,1999,07,349.09999999999997
126.4,168.5,106.6,63.4,97.7,60.6,1999,08,623.2
126.5,288.5,104.7,170.3,156.6,150.1,1999,09,996.7
76.7,109.3,29.5,88.2,42.8,57.9,1999,10,404.4
164.3,130.4,43.2,147.1,101.3,94.2,1999,11,680.5
256.7,303.3,82.3,241.9,157.1,219.5,1999,12,1260.8
111.8,112.9,40.5,104.2,59.3,83.6,2000,01,512.3
147.4,189.7,45.3,128.2,95.3,118.3,2000,02,724.1999999999999
44.3,41.1,20.7,65.5,34.7,42.0,2000,03,248.3
82.5,76.4,89.3,77.5,62.8,57.5,2000,04,446.0
45.4,133.2,50.6,38.5,47.8,66.0,2000,05,381.5
53.8,97.5,34.7,43.6,55.0,64.3,2000,06,348.90000000000003
30.6,82.4,43.6,50.7,49.4,96.9,2000,07,353.6
137.4,91.9,62.7,100.2,67.1,79.4,2000,08,538.6999999999999
133.7,156.8,99.3,170.8,111.3,97.2,2000,09,769.1
257.7,302.4,86.7,174.3,153.7,182.6,2000,10,1157.3999999999999
148.6,269.1,141.2,101.7,149.6,130.9,2000,11,941.1000000000001
148.7,232.8,125.6,120.7,122.1,81.6,2000,12,831.5000000000001
65.2,128.8,32.2,61.8,38.4,47.6,2001,01,374.0
56.2,120.2,48.8,89.2,48.3,54.3,2001,02,417.0
72.9,131.5,56.1,26.4,70.9,75.7,2001,03,433.49999999999994
78.1,117.6,77.5,54.2,90.0,96.7,2001,04,514.1
27.1,34.8,49.5,34.7,40.6,34.5,2001,05,221.20000000000002
66.5,71.0,41.4,58.6,80.5,61.6,2001,06,379.6
113.6,72.1,30.4,72.5,43.4,75.0,2001,07,407.0
122.7,122.3,97.1,89.5,108.2,62.5,2001,08,602.3000000000001
69.4,61.9,41.4,56.0,51.4,50.0,2001,09,330.1
121.9,195.5,90.3,93.5,96.2,116.2,2001,10,713.6
108.1,97.4,40.7,123.2,59.9,65.3,2001,11,494.59999999999997
86.4,82.2,21.6,97.1,35.8,50.4,2001,12,373.5
126.3,262.5,48.9,91.5,132.1,129.9,2002,01,791.2
163.6,185.5,125.1,164.2,177.9,177.2,2002,02,993.5
75.9,67.4,30.4,75.3,58.8,41.2,2002,03,349.0
66.9,111.0,81.5,72.5,77.7,74.9,2002,04,484.5
125.7,186.1,120.8,81.8,116.8,95.9,2002,05,727.0999999999999
150.9,135.7,82.1,111.3,91.1,78.4,2002,06,649.5
74.7,98.2,68.0,72.4,79.8,45.0,2002,07,438.1
75.5,80.9,50.2,53.7,46.0,57.6,2002,08,363.90000000000003
34.1,124.8,22.8,61.6,18.9,16.3,2002,09,278.5
171.8,237.1,180.6,143.4,157.7,129.7,2002,10,1020.3
168.2,286.7,186.3,90.0,151.4,135.3,2002,11,1017.9000000000001
84.0,147.0,105.0,45.7,109.6,89.3,2002,12,580.5999999999999
83.0,132.1,53.9,90.2,52.4,43.6,2003,01,455.2
56.8,162.7,21.1,45.9,37.7,52.6,2003,02,376.8
96.6,82.4,30.3,41.2,44.7,54.5,2003,03,349.7
34.8,138.3,34.0,32.9,63.5,43.2,2003,04,346.7
130.0,142.2,96.5,104.4,128.5,91.5,2003,05,693.1
63.3,146.9,88.4,69.8,79.5,105.6,2003,06,553.5
118.7,125.9,46.0,94.7,61.3,76.5,2003,07,523.1
25.0,25.3,14.4,23.0,13.2,11.1,2003,08,112.0
95.2,64.4,37.3,73.2,48.7,37.3,2003,09,356.1
72.1,58.5,106.3,66.3,44.1,50.6,2003,10,397.90000000000003
167.1,293.0,54.8,99.8,79.6,111.4,2003,11,805.6999999999999
129.4,135.5,60.2,102.3,79.6,94.2,2003,12,601.2
148.5,174.4,82.6,158.3,108.0,107.5,2004,01,779.3
63.0,79.0,19.7,44.1,31.8,28.1,2004,02,265.7
97.9,164.4,44.4,53.8,62.9,69.0,2004,03,492.4
87.4,85.6,31.2,74.8,58.6,43.9,2004,04,381.5
37.4,40.9,49.8,35.3,51.6,35.8,2004,05,250.79999999999995
87.1,104.3,50.1,108.3,68.5,68.3,2004,06,486.59999999999997
77.1,91.9,37.9,98.6,50.8,66.6,2004,07,422.9
55.4,101.8,133.8,80.2,121.9,88.1,2004,08,581.2
126.2,161.7,98.3,136.7,86.8,98.3,2004,09,707.9999999999999
142.0,212.7,120.0,112.0,156.3,139.1,2004,10,882.1
66.7,67.8,39.8,94.6,69.1,66.6,2004,11,404.6
144.1,115.0,44.8,142.2,88.7,90.9,2004,12,625.7
203.5,184.9,63.6,139.1,125.0,123.4,2005,01,839.5
61.9,90.1,40.6,75.2,38.8,50.1,2005,02,356.70000000000005
39.6,81.9,35.2,65.2,69.2,57.0,2005,03,348.09999999999997
96.1,152.8,57.0,78.8,74.5,91.3,2005,04,550.5
106.4,154.5,69.5,94.6,90.3,92.5,2005,05,607.8
68.1,87.7,28.3,65.9,33.3,55.3,2005,06,338.6
32.3,71.7,83.9,24.3,67.3,43.9,2005,07,323.4
88.0,83.7,25.3,128.0,58.1,71.4,2005,08,454.5
144.4,148.3,55.8,94.0,59.5,81.0,2005,09,583.0
138.0,152.3,101.5,109.5,108.6,103.9,2005,10,713.8
115.7,139.4,50.7,107.7,77.1,80.5,2005,11,571.1
125.5,152.4,68.9,103.8,62.7,64.4,2005,12,577.6999999999999
110.8,144.7,16.3,67.6,38.5,53.8,2006,01,431.7
86.5,86.7,38.3,40.6,45.3,38.3,2006,02,335.7
101.3,149.1,68.7,107.2,118.7,104.9,2006,03,649.9
75.2,79.4,40.8,69.9,51.0,31.3,2006,04,347.6000000000001
123.2,201.0,125.8,73.4,133.3,125.8,2006,05,782.5
36.1,47.6,19.2,63.3,20.8,19.2,2006,06,206.2
71.0,102.1,18.2,74.1,48.5,28.5,2006,07,342.4
32.9,52.5,57.6,73.1,61.0,42.4,2006,08,319.5
194.7,263.7,89.5,112.7,133.1,148.4,2006,09,942.1
135.8,171.3,102.7,123.9,106.2,93.5,2006,10,733.4000000000001
184.9,232.7,69.1,170.2,88.4,115.2,2006,11,860.5000000000001
247.1,224.0,94.4,184.7,160.6,170.3,2006,12,1081.1000000000001
148.4,106.7,72.8,161.5,116.7,90.2,2007,01,696.3000000000001
76.6,201.4,77.8,69.3,70.3,71.9,2007,02,567.3000000000001
100.1,111.0,62.1,59.7,65.3,62.1,2007,03,460.3
54.7,50.9,14.7,32.6,22.3,11.7,2007,04,186.9
73.7,76.7,35.0,101.8,63.8,65.8,2007,05,416.8
71.9,153.6,134.4,83.3,108.2,107.0,2007,06,658.4
102.0,76.3,119.1,105.4,150.1,93.5,2007,07,646.4
88.9,106.0,95.5,86.2,108.2,100.8,2007,08,585.5999999999999
59.9,74.4,39.2,79.5,44.9,51.4,2007,09,349.29999999999995
106.7,105.7,15.7,77.0,46.6,44.3,2007,10,396.00000000000006
111.2,98.1,54.0,102.1,60.5,56.9,2007,11,482.79999999999995
145.7,189.5,64.1,109.4,119.5,163.4,2007,12,791.5999999999999
171.5,276.2,96.9,188.9,146.3,223.9,2008,01,1103.7
116.4,108.3,14.7,89.6,54.7,58.0,2008,02,441.7
157.4,164.1,102.4,142.7,96.8,102.9,2008,03,766.2999999999998
67.7,51.0,27.0,54.2,57.0,49.2,2008,04,306.09999999999997
40.2,103.2,32.7,7.4,23.5,35.9,2008,05,242.90000000000003
127.6,147.8,76.4,74.8,88.8,110.8,2008,06,626.1999999999999
44.3,92.8,111.5,125.8,109.3,100.8,2008,07,584.5
192.1,181.7,192.4,123.2,159.4,176.6,2008,08,1025.3999999999999
112.4,87.7,111.8,89.9,100.0,86.4,2008,09,588.2
177.5,244.8,97.4,144.8,123.9,156.4,2008,10,944.8
136.2,111.5,39.6,115.6,75.6,92.2,2008,11,570.7
94.8,104.0,39.5,85.7,61.3,75.1,2008,12,460.4
142.6,290.6,62.0,98.8,104.6,120.5,2009,01,819.1
46.0,55.0,56.8,42.0,25.8,15.7,2009,02,241.3
90.5,82.4,25.5,86.0,40.5,63.9,2009,03,388.79999999999995
114.8,170.1,71.6,97.1,108.1,90.9,2009,04,652.6
81.3,100.1,75.0,92.8,69.8,98.8,2009,05,517.8
49.0,98.0,76.2,49.3,90.6,58.5,2009,06,421.6
113.3,252.1,153.9,70.6,192.4,116.1,2009,07,898.4
180.8,274.0,69.1,165.9,135.1,119.3,2009,08,944.1999999999999
45.6,90.0,24.2,71.0,38.1,56.9,2009,09,325.79999999999995
114.5,230.9,84.9,118.5,111.7,106.9,2009,10,767.4
208.5,345.4,149.4,217.7,191.6,245.6,2009,11,1358.1999999999998
127.9,186.4,71.6,57.0,74.2,70.4,2009,12,587.5
106.5,161.9,42.7,70.1,45.0,30.8,2010,01,456.99999999999994
81.1,68.4,36.7,87.0,41.9,35.1,2010,02,350.2
58.4,125.4,54.8,81.6,82.2,81.9,2010,03,484.30000000000007
56.3,98.9,26.7,52.7,53.6,72.8,2010,04,361.0
38.1,54.2,48.8,51.5,44.6,54.3,2010,05,291.5
40.9,92.9,43.3,43.3,56.2,36.2,2010,06,312.8
134.4,154.8,74.7,128.6,139.2,121.3,2010,07,753.0
71.5,35.1,48.0,66.9,47.4,37.7,2010,08,306.59999999999997
151.9,125.1,105.5,144.1,166.4,139.8,2010,09,832.8
82.7,135.1,29.6,69.8,57.5,77.4,2010,10,452.1
197.8,172.3,100.5,115.6,125.2,131.8,2010,11,843.2
87.3,107.6,57.6,69.0,37.2,26.0,2010,12,384.7
69.2,107.8,29.4,89.6,47.6,74.6,2011,01,418.20000000000005
149.4,188.9,75.9,104.4,118.5,148.5,2011,02,785.6
66.2,61.6,19.4,58.7,36.9,34.7,2011,03,277.50000000000006
73.4,66.1,28.4,66.2,34.2,41.8,2011,04,310.1
133.5,164.6,37.1,100.4,67.8,93.3,2011,05,596.7
80.5,118.5,64.2,84.5,65.1,112.5,2011,06,525.3
42.4,80.0,42.6,50.3,61.2,31.7,2011,07,308.2
74.4,91.7,39.7,78.6,64.1,54.1,2011,08,402.6
175.1,160.1,87.3,133.0,122.6,91.1,2011,09,769.2
195.2,193.1,147.4,177.2,132.8,98.3,2011,10,943.9999999999998
130.9,298.6,48.5,105.0,106.0,87.5,2011,11,776.5
176.8,191.5,52.2,183.4,89.0,145.1,2011,12,838.0
120.1,153.8,62.7,134.1,96.1,110.9,2012,01,677.6999999999999
69.4,67.6,20.5,68.1,42.4,38.6,2012,02,306.6
41.4,42.3,25.6,29.8,15.4,28.3,2012,03,182.8
79.7,119.1,93.1,46.3,75.4,79.6,2012,04,493.20000000000005
52.5,53.5,57.5,50.7,56.4,38.0,2012,05,308.59999999999997
109.5,128.3,147.9,141.7,173.9,166.3,2012,06,867.6000000000001
96.3,169.1,85.6,91.5,120.1,112.8,2012,07,675.4
103.2,163.9,77.6,86.6,127.1,89.1,2012,08,647.5000000000001
93.0,76.1,83.9,139.7,62.3,61.9,2012,09,516.9
86.9,140.6,70.5,123.2,90.6,86.3,2012,10,598.0999999999999
146.6,202.5,72.0,87.6,68.5,120.3,2012,11,697.5
125.2,174.6,52.3,150.1,91.0,115.4,2012,12,708.6
153.9,276.9,94.4,145.6,117.8,105.7,2013,01,894.3
57.9,75.9,47.3,68.3,54.8,49.2,2013,02,353.40000000000003
44.5,82.4,85.5,61.6,40.1,30.2,2013,03,344.3
81.8,128.1,40.1,62.8,78.2,63.5,2013,04,454.49999999999994
111.6,109.3,45.8,103.2,72.1,67.6,2013,05,509.6
42.9,138.0,60.8,83.8,62.8,64.2,2013,06,452.5
81.0,108.1,72.0,61.1,73.8,60.0,2013,07,456.00000000000006
67.9,71.0,45.3,88.0,40.5,70.3,2013,08,383.0
71.3,78.8,39.5,69.6,61.7,43.6,2013,09,364.5
97.3,176.7,123.4,104.2,172.4,127.5,2013,10,801.5
63.9,125.1,26.8,117.5,46.2,89.2,2013,11,468.7
180.9,271.5,84.0,176.7,142.6,161.7,2013,12,1017.3999999999999
214.6,288.1,100.6,162.7,149.5,179.0,2014,01,1094.5
197.0,288.2,88.5,190.2,151.8,190.4,2014,02,1106.1000000000001
82.3,134.5,53.7,75.4,70.1,87.2,2014,03,503.2
54.8,87.4,37.2,31.8,62.3,40.6,2014,04,314.1
103.6,114.1,88.5,85.5,121.7,88.0,2014,05,601.4
44.6,55.5,36.2,46.9,63.4,40.5,2014,06,287.1
60.9,83.1,36.6,88.3,35.2,39.3,2014,07,343.4
90.6,72.0,171.4,93.2,150.3,86.5,2014,08,664.0
25.7,27.3,26.5,23.7,16.4,73.8,2014,09,193.39999999999998
175.6,194.5,90.3,130.9,120.9,103.8,2014,10,816.0
86.3,199.9,140.8,134.6,154.3,129.4,2014,11,845.3000000000001
144.3,143.7,56.2,151.8,104.8,114.5,2014,12,715.3
171.7,191.2,47.4,175.3,88.8,126.2,2015,01,800.5999999999999
72.2,112.5,34.6,87.8,53.9,96.3,2015,02,457.29999999999995
106.2,130.8,57.5,123.7,92.6,101.8,2015,03,612.5999999999999
62.7,54.4,43.9,61.1,64.2,63.4,2015,04,349.7
110.1,128.6,90.5,138.1,135.7,111.5,2015,05,714.5
52.1,79.6,14.1,55.0,36.7,26.9,2015,06,264.4
132.6,120.3,69.2,132.7,76.5,82.8,2015,07,614.0999999999999
95.0,126.2,100.1,111.4,97.1,93.3,2015,08,623.0999999999999
118.2,148.7,56.7,29.4,39.5,87.9,2015,09,480.4
76.2,96.1,49.0,71.7,57.3,49.8,2015,10,400.1
202.4,199.9,123.0,233.3,187.5,190.6,2015,11,1136.6999999999998
246.6,340.7,192.1,262.5,271.2,233.1,2015,12,1546.2
188.2,293.0,118.8,166.4,123.0,107.6,2016,01,997.0
172.2,196.9,63.0,137.2,122.0,155.5,2016,02,846.8
107.0,118.5,33.2,66.7,51.6,53.9,2016,03,430.9
51.2,86.3,88.8,54.9,91.0,46.0,2016,04,418.2
46.1,74.5,45.6,63.0,57.1,41.0,2016,05,327.3
103.7,109.8,58.6,78.6,131.5,70.7,2016,06,552.9000000000001
95.6,91.1,43.6,104.3,68.9,68.5,2016,07,472.0
58.5,95.7,61.9,89.3,98.6,103.1,2016,08,507.1
145.6,183.4,62.4,95.0,90.6,88.7,2016,09,665.7
45.7,185.5,54.2,37.3,33.8,35.1,2016,10,391.6
89.3,76.7,36.9,114.1,50.7,69.2,2016,11,436.9
85.3,104.5,46.9,76.4,69.6,74.4,2016,12,457.1
58.4,167.4,21.6,56.3,41.4,52.9,2017,01,397.99999999999994
110.7,138.6,41.6,88.1,75.2,71.0,2017,02,525.2
109.6,135.1,67.2,93.8,83.6,134.1,2017,03,623.4
24.3,50.9,10.1,41.0,14.1,17.3,2017,04,157.70000000000002
53.1,87.9,43.4,58.9,71.5,46.2,2017,05,361.0
94.6,132.3,86.4,69.7,97.3,85.5,2017,06,565.8
99.1,107.2,42.2,116.2,90.7,134.4,2017,07,589.8
133.4,102.8,73.3,171.2,76.8,82.0,2017,08,639.5
143.8,207.2,83.6,93.0,116.7,100.3,2017,09,744.6
127.6,159.4,46.4,110.3,100.7,79.4,2017,10,623.8
143.8,107.6,81.5,132.1,78.2,125.1,2017,11,668.3000000000001
144.0,201.2,63.1,117.7,106.4,142.4,2017,12,774.8
228.2,237.6,93.1,204.0,148.2,194.7,2018,01,1105.8
122.8,112.8,44.2,73.3,53.0,71.7,2018,02,477.8
87.4,130.6,87.8,67.0,72.6,53.6,2018,03,499.0
85.8,207.6,68.1,63.6,59.2,78.1,2018,04,562.4
63.0,104.6,19.1,41.3,33.6,52.7,2018,05,314.3
40.9,39.2,4.8,51.1,27.1,13.6,2018,06,176.7
64.8,58.5,40.0,60.4,33.5,60.9,2018,07,318.1
134.6,101.0,48.1,126.6,60.3,57.1,2018,08,527.6999999999999
93.5,118.8,43.7,107.8,45.7,80.5,2018,09,490.0
135.9,116.2,42.6,108.4,41.7,48.0,2018,10,492.8
148.8,253.5,133.6,98.2,107.2,90.4,2018,11,831.7
150.8,277.0,78.6,98.4,99.2,156.6,2018,12,860.6
92.1,134.3,26.8,80.8,41.3,71.5,2019,01,446.8
120.2,150.7,30.4,59.7,48.9,58.4,2019,02,468.2999999999999
151.9,174.4,92.5,138.8,157.1,177.1,2019,03,891.8000000000001
84.2,97.2,47.9,50.0,58.6,47.8,2019,04,385.70000000000005
57.4,48.6,33.2,79.8,43.3,30.8,2019,05,293.1
86.7,58.0,83.2,68.1,79.8,55.5,2019,06,431.3
100.7,83.7,40.7,85.1,77.8,48.8,2019,07,436.80000000000007
160.8,204.2,89.6,163.7,151.9,149.6,2019,08,919.8
105.5,178.7,106.4,123.7,131.7,103.8,2019,09,749.8
116.9,201.6,45.6,87.5,95.5,98.3,2019,10,645.4
139.3,170.5,171.4,86.8,122.2,104.7,2019,11,794.9000000000001
149.4,199.6,157.1,123.7,82.8,117.1,2019,12,829.7
